Date,Title
20240628,"“키스마크 내 잘못”…이해인, 성추행 피해선수 문자 공개"
20240628,‘손웅정 사건’ 녹취록 나왔다…학부모 “억울하다” 반박
20240628,“손흥민 이미지 값인데 아깝냐며 수억 요구”…진실공방
20240628,“나라 지켰나”…아리셀 분향소 설치에 파출소장 ‘막말’
20240628,박홍근 “‘이태원 참사 음모론’ 尹 대통령 발언 메모 있어…직접 해명하라”
20240628,"대통령실, 김진표 회고록에 ""멋대로 왜곡…개탄스러워"""
20240628,"나토 수장 ""한국의 우크라 무기지원은 합법…北과 동일시 안 돼"""
20240628,"""후배와 연인 관계"" vs ""문제된 행동에 매우 당황"""
20240628,"""방통위, 방송장악 쿠데타"" vs ""기승전 탄핵"""
20240628,"의료계 '단일대오' 뭉칠까…의협, 오늘 전공의 간담회"
20240628,"“아이로 계산하면...” 손웅정 ‘학대’ 고소 학부모, 변호사도 회유"
20240628,황당 이혼설 티아라 지연…남편과 사랑템 재주목[누구템]
20240628,"""보상에 집중하려고""...'31명 사상' 아리셀, 김앤장 선임 비판에 한 말"
20240628,"""여러분, 저 살았어요""...'동탄 화장실 성범죄' 신고, 알고보니 허위"
20240628,"""맥주 버릴수도 있지""...'공무원 갑질' 당한 치킨집에 구청장이 한 말"
20240628,"""5억 아깝냐, 20억 안부른게 어디냐""…손흥민父 협상 녹취록 공개"
20240628,"손웅정 ""손흥민 이미지 값이라며 수억원 요구…돈 아깝냐더라"""
20240628,"김흥국 ""후배 채 상병 마음 아프지만…언제까지 들이댈거냐"""
20240628,"김호중 공분 와중에…음주 사망사고 낸 50대, 그냥 보낸 경찰"
20240628,"""형, 이럴려고 5선 했어?""…86 푸시에도 불출마 기운 이인영, 왜 [who&why]"
20240628,"복지부 “의협, 정당한 의대증원 근거 없이 호도…심히 유감”"
20240628,"""20억 불러, 최소 5억"" 손웅정 고소한 부모 녹취록"
20240628,"한동훈 ""이태원 음모론? 민주당은 '청담동' 전당력 동원 정치공세하던데…"""
20240628,"김흥국 ""좌파 해병 있다…채상병 사건 특검 반대"""
20240628,"정청래發 '법사위 열차'…與 ""폭주 출발, 윤리위 제소"" 野 ""적반하장"""
20240628,"손웅정 ""고소인, 손흥민 이미지 값이라며 수억 원 요구...돈 아깝냐더라"""
20240628,"""손흥민 이미지 값이라며 수억 원 요구""...손웅정 측, 합의 거절 이유 [지금이뉴스]"
20240628,"김진표 ""尹, 이태원 참사 조작 의심""...대통령실 ""멋대로 왜곡"""
20240628,"""나라 위해 죽었나""...'아리셀 화재' 분향소서 파출소장 막말 논란"
20240628,"野, 방통위원장 또 탄핵 추진...與 ""습관성 탄핵병"""
20240628,"손웅정 고소 학부모 녹취록 공개…""20억 안부른게 다행, 최소 5억 달라"""
20240628,"[속보] 한동훈 ""내가 배신하지 말아야 할 대상은 국민"""
20240628,"조국, `컴퓨터·휴대전화 압수제한법` 첫 발의…""검찰 불법수사 근절"""
20240628,"""文, 부동산으로 정권 두번 뺏겨…盧 정권과 똑같은 실수"""
20240628,"성추행 당하자 사타구니 `퍽`…일본 여행 중 봉변당한 대만 미녀, 누구길래"
20240628,"""좌파언론이 이태원 인파 유도""‥'尹발언' 추가 공개"
20240628,"""대통령, 이태원 참사 조작 가능성 언급""‥""멋대로 왜곡"" 반박"
20240628,"김웅도 기자도 말잇못 '울컥'‥""尹, 제발 유튜브 그만 보라"""
20240628,"""尹, 참 나쁜 대통령"" 직격한 이준석 ""그랬을 분이라고 단언"""
20240628,"한동훈, 회고록 논란에 ""대통령 그런 말 했을 거라 믿지 않아"""
20240628,"""극우 유튜버 음모론이 대통령 입에서 술술"" 김진표 회고록 파장"
20240628,"""이미지 생각하면 5억도 적어""…손웅정 측 '녹취' 공개"
20240628,경차 탄 19살 동갑내기 둘…만취 과속 포르쉐에 참변
20240628,"이해인 ""성추행 아냐"" 주장…후배선수 ""많이 당황하고 놀랐다"""
20240628,"윤 대통령 지지율 25%…국힘 지지층 55% ""한동훈 당대표 선호"""
20240628,"""임신 두번 했는데"" 비난에…허웅 ""결혼하려 했다"" 입장 바꿔"
20240628,"친구 뺨 때리더니 ""울 아빠 장학사야""…뻔뻔한 중학생(영상)"
20240628,국민의힘 39% 민주당 28.3%…조국혁신당 10.4%[에이스리서치]
20240628,"""손흥민 봐서 5억…20억 안 부른 걸 다행으로 알아야"" 학부모 녹취록 공개"
20240628,"[단독]민주·조국당, '한동훈 특검법' 7월 내 처리  공감"
20240628,"[단독]허웅 전 여친, 이선균 공갈사건 피고인과 같은 업소 출신"
20240628,"""손흥민 이미지…20억 안부른 게 다행"" 손웅정 고소 부모 녹취록 나왔다"
20240628,"""물 찼다"" 이 말 끝으로…제주 간다던 초5, 완도에서 맞은 비극[뉴스속오늘]"
20240628,"野 박주민, 당대표 후보 ""이재명 말고 1~2명 고민한다고 들어"""
20240628,"""이게 10만원?"" 논란 샀던 횟집…""세 겹 쌓았다, 많이 준 것"" 반박"
20240628,김혜경 저서 ‘밥을 지어요’ 베스트셀러 됐다
20240628,원희룡 “난 尹정권 창출한 공동 창업자… 배신의 정치 않고 책임 다할 것”
20240628,"“20억 불러요, 5억 밑은 안돼”…'손웅정 사건’ 협상 녹취록 보니"
20240628,"민주당 대표직 사퇴한 이재명, 선거법 재판 출석...취재진 질문엔 침묵"
20240628,"한혜진 “홍천 별장에 4명 무단침입, 무섭고 눈물났다”"
20240628,"'정말 100만 가나' 尹 탄핵 청원 45만 동의 ""오늘 5시간만에 5만명 클릭"""
20240628,"이준석, 尹 '이태원 음모론?' ""그랬을 분이라 생각"""
20240628,"윤석열 대통령 탄핵 청원 40만명 돌파 ""이틀만에 20만명 추가"""
20240628,"""내 아이 낳아줘""…중학생 친딸 성폭행한 아빠의 제사 지내는 가족들"
20240628,"'특검 반대' 김흥국 ""좌파 해병 있는지 처음 알아…정치에 이용 말라"""
20240628,"""한국인들은 저렇게 해외 놀러다니는데…"" 일본인들의 탄식"
20240628,"""가짜 해병·좌파 해병 이번에 알았다""…'특검 반대' 핏대 세운 김흥국"
20240628,"""생맥주시켰는데 먹다 남은 맥주 왜 붓지?""…맥줏집 재사용 논란"
20240628,月300만원 넘게 보내는데 하루 식비 866원…복지시설에 난리난 日
20240628,"""비타민에 돈 낭비 말라""…매일 먹은 사람 사망확률 오히려 높아"
20240628,"""아버지인데 아들 손흥민 이미지 관리비용이 아깝나?…금액 낮춰가며 협상했지만 거절"""
20240628,"""한국 의사와는 딴판""…일본, 집에서 진료받고 편의점서 약 찾고[지금 일본에선]"
20240628,"임산부 아니면 '삐'…""배려석에 '센서' 붙이자"" 제안에 서울시 답변은?"
20240628,"친구 뺨 '철썩' 때려놓고…""우리 아빠 장학사, 다 처리해 줘"" 뻔뻔한 중학생"
20240628,"‘아동 학대’로 체포된 보육교사…얼굴 공개되자 난리났다, 대체 왜?"
20240628,"""두번이나 임신했으면 3억 정도 요구는 당연"" 책임 회피 비난에..허웅측 입장 번복"
20240628,"""20억 불러요, 최소 5억""..손웅정 학대 피해 아동 부모, 녹취록 공개됐다"
20240628,"K증시 버팀목 동학개미, 어쩌다 엑소더스 선봉장됐나"
20240628,"이해인, 성추행 피해자와 나눈 민감한 대화 공개 ""키스마크는 내 잘못이야"""
20240628,"이해인 ""연인 사이였다"", 미성년 피해 선수 ""성적 행위에 당황, 현재 정신과 치료 중"""
20240628,압구정 현대아파트 경비원 100명 해고…대법 “정당한 해고”
20240628,"민주당, ‘이재명 단독 출마시 선출 규정’ 추후 결정…김두관 “추대는 아니지 않나”"
20240628,팔짱 끼고 사과하더니…“망하게 한다고 말한 적 없어” [잇슈 키워드]
20240628,한동훈 “대통령 그런 말 하셨을거라고 안믿어”…박홍근 “생생히 전해들어” [지금뉴스]
20240628,"야 5당, 방통위원장 탄핵안 발의…여 “방송 장악 검은 의도”"
20240628,"음주 피겨선수, 이해인... “성추행? 과거 연인”"
20240628,"尹지지율 25%, 1%p↓…'당대표 선호도' 與지지층 55% 한동훈, 元·羅 順 [한국갤럽]"
20240628,"박주민 ""김혜경, 李 지역구서 대의원? 문제 없어…요리책 사재기, 당원들 자발적"""
20240628,"박홍근 ""尹-김진표 이태원 참사 대화 메모장에 남아있어…직접 해명해야"""
20240628,"“윤 대통령, 유튜브 좀 그만 보시라... 일단 유가족에게 사과해야”"
20240628,"손웅정 고소 학부모 눈물…""돈 뜯어내려는 파렴치한 됐다"""
20240628,"""20억 부르라고, 최소 5억""…'손웅정 사건' 녹취록 나왔다"
20240628,"""요즘 누가 '나이키' 운동화 신나요""…눈에 띄게 사라지더니"
20240628,"김흥국 ""채상병 사건 더 들이대면 안돼…좌파 해병 있다"""
20240628,"'최태원 동거인' 김희영, 첫 인터뷰 기사에 반박…""사실과 다르다"""
20240628,"[기자수첩]전세사기 폭탄돌리기, 누가 죄인일까"
20240628,"'지옥철' 김포골드라인, 5편성 증차해 2000명 더 태운다"
20240628,"네이버웹툰, 나스닥에 '깃발'…""웹툰계 넷플릭스·유튜브"""
20240628,'달 타러 갈래?' 여의도공원서 가스기구 130ｍ 띄운다
20240628,"최태원 SK 회장, 'IT 인싸'들과 잇단 회동 가진 이유"
20240628,김흥국 “좌파 해병 있는 걸 이번에 알았다…채해병 특검 반대”
20240628,“샤워하고 머리 말리고 있는데 밖에서”…사생활 침해 고통 호소한 한혜진
20240628,“5억이 심해? 20억 안부른게 다행 아닌가”…손흥민父 고소한 부모 녹취록 공개
20240628,"허웅 전 여친, 이선균 사건 협박女와 같은 유흥업소 출신이라는데…"
20240628,고교생 제자와 성관계후 “성폭행 당해” 무고한 40대 여교사 …감형 왜?
20240628,"원희룡 “폭주하는 야당 맞서 단합 구심점 될 것…한동훈, 당정갈등 해소 노력 하나도 안해”"
20240628,한동훈 보고 반가워하는 대구 할머니들에 “저 아세요?” 묻자…
20240628,유치원 인근서 차량 에워싼 들개 10여마리…시민들 ‘불안’(영상)
20240628,한혜진 “샤워하는데 별장 무단침입…10초 얼어있었다”
20240628,“20억 안 부른 게 다행” 손웅정 고소 학부모 녹취록 공개
20240628,"[단독]""나라 지키다 죽었냐""…'화성 아리셀 화재' 분향소서 막말한 파출소장"
20240628,"전국의대교수 비대위, 7월 26일 전면 휴진 추진"
20240628,"이준석, '尹 이태원 음모론' 논란에 “참 나쁜 대통령”"
20240628,이재명 선거법 재판 9월 6일 결심…10월 1심 선고 가능성
20240628,“떳떳하면 가만히 있어”···동탄경찰서 논란에 한동훈도 일침
20240628,신교대 훈련병 '체력단련' 얼차려 금지…중대장 지시 '불가'
20240628,"원희룡 ""한동훈, 까딱하면 궤도 이탈…배신·자기정치 1mm 차"""
20240628,"동탄 헬스장 화장실 성범죄 신고자 ""허위신고"" 자백"
20240628,윤 대통령 지지율 36.3%…차기 당대표 적합도 한동훈 37.9%·나경원 13.5%
20240628,신교대 훈련병 '체력단련' 얼차려 금지…중대장 지시 '불가'
20240628,숨진 41살 쿠팡 기사 “개처럼 뛰고 있긴 해요”…밤샘 주63시간 노동
20240628,"박홍근 “윤, ‘좌파언론이 이태원에 사람 몰리게 유도 방송’ 의혹 제기”"
20240628,"“대통령 자격 없어”…‘윤, 이태원 참사 조작설’에 야당 총공세"
20240628,박지성 “안 맞았으면 축구 더 잘했을 것”…손웅정 논란 속 재조명
20240628,"‘위원장 탄핵’ 앞둔 방통위, 공영방송 3사 이사 선임 절차 강행"
20240628,손웅정 고소 학부모 녹취록 공개...“20억원 안 부른 게 다행 아니냐”
20240628,"韓, 이태원 음모론에 “尹 그런말 했을 리 없다”"
20240628,이재명 선거법 재판 9월 결심...10월 선고 전망
20240628,"[단독] ‘최태원 장녀’ 최윤정 본부장, SK 경영전략회의 첫 참석"
20240628,국민의힘 39% 민주 28.3%…지지율 오차범위 밖에서 앞서
20240628,조국 첫 법안 ‘컴퓨터·휴대전화 압수제한법’…“불법수사 근절”
20240628,놀이터에 ‘5대 맹견’ 로트와일러 입마개도 없이 풀어놔…견주 “나 알아요?”
20240628,“최태원 동거인 첫 인터뷰? 사실과 달라…정중히 거절했다”
20240628,"조희연, 100m 국기 게양대 직격 “애국심, 태극기 높이에 비례 안 해”"
20240628,김흥국 “좌파 해병 있는지 처음 알아…정치인들 가만두면 안 된다”
20240628,"비트코인 투자자 어쩌나...""5만 달러도 뚫린다"""
20240628,33개월만에 '처음'…거래량 증가 '심상찮다'
20240628,"연봉 상한선 뒀다…""더 받은 건 토해라"""
20240628,"열달만에 분위기 '반전'…""앞으로가 더 걱정"""
20240628,"세계에서 살기 좋은 도시, 서울 상위권…1위는?"
20240628,"“20억 안 부른 게 다행, 5억도 싼 거 아니냐”…손웅정 고소 부모 녹취록 공개"
20240628,"이준석 “尹, 이태원 참사 좌익 공작 의심했을 것… 대통령 자격 없어”"
20240628,“화장실 갔다가 성범죄자로 몰려”…20대 男 하소연에 경찰 ‘해명’
20240628,허웅 측 ”조금 더 고민 → 결혼하려 했다“ 입장 번복 왜?
20240628,‘동탄 화장실’ 성범죄 누명 쓴 20대男 입건취소…신고女 “허위신고” 자백
20240628,"최태원 동거인 김희영 '첫 인터뷰'에 포도뮤지엄 ""사실과 달라"""
20240628,"""트럼프 재집권시 주한미군 철수, 한국 핵무장"""
20240628,"아침에도 먹었는데…종합비타민 ""생명연장 도움 안된다"""
20240628,"'외국인이 내 병상 지켜준다'… 노인 요양보호사, 외국 유학생에 개방"
20240628,"""사귀기만 해도 용돈 100만원, 결혼땐 2천만원 준다""...지자체 어디?"
20240628,이재명 공직선거법 재판 9월 6일 결심… 10월께 선고 나올듯
20240628,"법원 ""허위 성매매 의혹 언급한 가세연, 송영길에 1000만 원 배상하라"""
20240628,"제자에 부적절한 내용의 편지 쓴 교총 회장, 당선 일주일 만에 자진 사퇴"
20240628,"윤 대통령 '이태원 참사' 언급 진위 공방전…""왜곡 주장"" ""매우 충격"""
20240628,국힘 차기 당 대표는?…한동훈 37.9%·나경원 13.5%·원희룡 9.4%
20240628,남한 노래·영화 본 北청년 '공개처형'…흰 웨딩 드레스는 '반동'
20240628,"현대차, 2026년까지 생산직 1100명 뽑는다"
20240628,"삼성, 美 스마트폰 시장 점유율 1위… “애플 제쳤다”"
20240628,"충남, '주 4일 출근제' 7월 1일 시행…2세 이하 자녀 둔 공무원·기관 대상"
20240628,휘청대는 테슬라… 美 전기차 시장 점유율 50% 깨질 듯
20240628,"'누명 논란' 동탄 헬스장 화장실 성범죄 신고인 ""허위사실 얘기"""
20240628,"尹대통령 지지율 25%…채상병특검 찬성 63%, 반대 26%[한국갤럽]"
20240628,"野 ""김진표 회고록 사실이면 충격…尹, 지금도 극우유튜브 보나"""
20240628,"尹, 파나마 대통령 취임식에 '복싱 전설' 홍수환 특사 파견"
20240628,"최태원 동거인 '첫 인터뷰' 기사에 포도뮤지엄 ""사실과 다르다"""
20240628,"[영상] 해병대 출신 김흥국 ""죽은 후배 맘 아프지만 언제까지 질질 끌면서""…'채 해병 특검' 반대 집회 참석했다가 '논란'"
20240628,"'동탄 화장실 성추행' CCTV로 누명 벗었다…""거짓말"" 자백"
20240628,중국서 무심코 카카오톡 쓰다 '날벼락'…국정원 '경고'
20240628,엘리베이터서 10대 여성들 폭행하고 성범죄 저지른 고교생 실형
20240628,"""헬스장 갔다 성범죄자 됐다"" 논란에…나경원·한동훈 한 목소리"
20240628,"‘윤석열 비판’ 유시민 신간, 베스트셀러 1위 ‘열풍’···독자 10명 중 7명 ‘4050’"
20240628,이준석 “참 나쁜 대통령···이태원 참사 공작 의심했을 것이라 단언”
20240628,"박홍근 “윤 대통령, ‘좌파 언론들이 이태원 참사 전 사람 몰리게 했다’고 말해”"
20240628,"[속보] '위원장 탄핵' 앞둔 방통위, KBS·방문진·EBS 이사 선임계획 의결"
20240628,한동훈 “윤 대통령이 이태원 조작 얘기? 믿지 않아”···당내에서도 “충격”
20240628,"김흥국 ""좌파해병 있는 거 이번에 알아…무대 서면 좌파 매일 공격"""
20240628,"원희룡 ""아직도 이재명 처넣지 못하고 있어""…민주당 ""극단적 망언"""
20240628,"한동훈, 尹 '이태원 참사 조작' 논란에 ""그런 말 하셨을 거라 믿지 않아"""
20240628,"박지원 ""오세훈의 100m 태극기? 평양시장이 발표하는 줄"""
20240628,"'강성 친명', 김동연에 '견제구'를 던지기 시작했다"
20240628,"정청래 막말 논란에 조선일보 ""지지층 좋아한다고 도 넘어"""
20240628,"[속보] 2인 방통위, 기습 회의 열어 방문진 이사 선임 계획 의결"
20240628,"국힘 의원 ""MBC가 지상파 중 불신도 제일 높다"" 사실일까"
20240628,"국민의힘 '모욕' 징계안에 정청래 ""나도 국힘 전원 맞제소…뜨거운 맛"""
20240628,"방통위, 돌연 28일 공영방송 이사 선임 계획 의결 공지"
20240628,"르노 '그랑콜레오스' 계기판, T맵이 꽉 채운다 [카미경]"
20240628,범용 D램 '공급부족' 시나리오 현실화하나…삼성전자에 쏠리는 눈
20240628,네이버웹툰 美 증시 진출…나스닥 거래 시작
20240628,"두산지오솔루션, 205억 유상증자…두산에너빌리티 전액 출자"
20240628,[네이버웹툰 상장]북미·유럽서 한국 성공 방식 재연한다
20240628,‘살아남은 당신이 팔레스타인의 이야기를 전해주세요’
20240628,UN에 가서 ‘한국의 시설수용’ 문제를 말할 거예요
20240628,"“띨띨이” 욕설, 구타…이주노동자에 대한 폭력, 왜 처벌은?"
20240628,"성폭력으로 인한 임신, ‘DNA 검사’해야 임신중단 지원?"
20240628,"""5억은 돼야... 20억 안 부른 게 다행"" 손웅정 협상 녹취록 나왔다"
20240628,"""샤워하고 나왔더니 4명이 마당에""… 한혜진, 별장 무단침입 피해에 울타리 설치"
20240628,"""0.001% 말만 듣나?"" ""참 나쁜 대통령""... 野 ""이태원 음모론 尹 직접 밝혀라"" 총공세"
20240628,"""망하게 해줄까"" 공무원 갑질 피해 업주, 구청장 첫 대면… ""실망스러워"""
20240628,"'베스트셀러' 된 김혜경 책… 박주민 ""당원들 자발적으로"""
20240628,"""손흥민 봐서 5억 달라, 20억 안 부른 게 다행"" 학부모 '녹취' 파장"
20240628,"""키스마크는 내 잘못""…이해인, 성추행 피해 남성과 나눈 대화 공개"
20240628,"국힘 지지층, 한동훈 55% 1위…원19%·나14%·윤3% [한국갤럽]"
20240628,이재명 단독 출마하면?…민주 '추대' '찬반 투표' 오늘 결정
20240628,"""허웅이 낙태 강요…중절수술 직후 성관계 요구"" 전 여친의 반격"
20240628,"'무기한 휴진' 연세의대 비대위원장 ""신뢰 잃은 정부…전공의와 직접 대화해야"""
20240628,'20년 서초동 우애' 금 갔다…한동훈은 왜 '윤심' 등졌나
20240628,'어대한' 굳어지나? 與 지지층서 한동훈 55%로 1위…元+羅+尹 36% [한국갤럽]
20240628,"""尹 입에서 극우 음모론"" ""대화 멋대로 왜곡""…'김진표 회고록' 논란 일파만파"
20240628,"세브란스 소아응급센터장 ""전공의 없는 넉 달, 남은 의료진은 유산했다"""
20240628,노인 돌봄 인력도 고령화…외국인 요양보호사  늘린다
20240628,‘한인 최초’ 뉴욕 경찰 경무관급 고위직 간부 내정
20240628,반려견과 함께 캠핑하려면 ‘이곳’으로…국립 최초 ‘댕댕이 전용 휴양시설’ 개장
20240628,지구촌 극한 날씨…식량 수급불안 ‘고개’
20240628,농산물 할인행사에 소비자·농가 웃었다
20240628,"민주, ‘이재명 단독 출마’ 선출 방식 오늘 결정"
20240628,"박찬대 “尹, ‘이태원 참사 조작’ 발언 입장 직접 밝혀야”"
20240628,"[단독]FIU, 김정숙-문다혜 ‘이상 거래’ 검찰 통보"
20240628,“20억 안 부른 게 다행”…‘손웅정 사건’ 녹취록 공개
20240628,대통령 지지층서도 ‘한동훈 지지 58%’
20240628,"“최소 5억, 20억 안 부른 게 다행”…손웅정 고소한 부모, 합의금 요구 ‘녹취록’ 공개"
20240628,"한혜진 “샤워하는데 별장에 4명 무단침입…10초 동안 얼어 붙어, 무서워 눈물 났다”"
20240628,"김호중 사건 보고도…경찰, 음주 사망사고 가해자 그냥 보냈다"
20240628,"“尹이 그런말 했을 리 없다”…한동훈, 이태원 음모론에 반박"
20240628,‘채해병 특검 반대집회’ 찾은 가수 김흥국 “가짜·좌파 해병 있더라”
20240628,조국의 첫 발의 법안은 ‘컴퓨터·휴대전화 압수 제한법’
20240628,‘배신’ 공격받는 한동훈 “내가 배신하지 말아야 할 대상은 국민”
20240628,“여배우처럼 예쁘다” ‘아동학대’ 보육교사 얼굴 공개에 난리
20240628,"이준석, 윤 대통령 향해 “참 나쁜 대통령” 직격"
20240628,“인터뷰 거절했는데…” 최태원 동거인측 ‘첫 인터뷰’에 반박 입장문
20240628,"""나라 지키다 죽었나?""..아리셀 사망자 분향소서 파출소장이 던진 말"
20240628,"""이재명, 변호사비 만만찮다""..김혜경 책, 6년만 '베스트셀러'"
20240628,민주당 당 대표 이재명 단독출마 가능성↑..선출 규정 논의
20240628,"'尹 이태원 참사 조작 가능성' 전언 野 ""충격적"" 與 ""여론조작"""
20240628,병원 찾아 여수에서 경기 시흥까지..결국 '다리 절단' 50대 노동자
20240628,"조국, 컴퓨터·휴대전화 압수제한법 발의"
20240628,"한동훈 ""尹, 이태원 참사 조작 발언 안했을 것""…'김진표 회고록' 반박"
20240628,"[단독] 김현, 개인 명의로 김홍일 방통위원장 공수처 고발"
20240628,"'한동훈 때리기'에 거칠어진 與 전대…""순진하고 위험한 정치""↔""품격 있었으면"""
20240628,"동탄 성범죄자 '누명'으로 확인…신고자 ""허위신고"" 자백"
20240628,"""中서 카톡 썼다간 큰일""…韓 여행객, 공안 '불심검문' 주의"
20240628,"""갤럭시S25 울트라, 다시 둥근 모서리 채택…두께도 얇아져"""
20240628,갤럭시워치7·울트라·갤럭시버즈3 공식 렌더링 공개
20240628,"""숏츠, 중단 없이 계속 보세요""…유튜브, 프리미엄 기능 늘렸다"
20240628,"4년 만에 베일 벗은 '뉴 르노 그랑 콜레오스'…""싼타페·쏘렌토 비켜!"""
20240628,100m 높이 110억원 태극기 휘날리며
20240628,민주당 인사들 ‘친명’하려고 정치하나
20240628,"1형당뇨 지원, 호주는 달랐다"
20240628,윤석열 대통령과 ‘거리두기’ 단계 올리면…
20240628,케이블카에 1년 예산의 20% 쓴다고?
20240628,"윤석열 정부, 가나 빚 상환유예... 가나 전 대통령 '땡큐'"
20240628,"김흥국 ""'좌파 해병' 있다는 거, 나도 처음 알았다"""
20240628,"김진표 회고록 파문에 한동훈 ""민주당, 1년 반 넘도록 뭐한 건가?"""
20240628,"이준석 ""윤석열, 참 나쁜 대통령... 대통령 자격 없다"" 직격"
20240628,"이태원 유족 ""그래서 마약검사? 윤 대통령 발언 믿기힘들 정도"""
20240628,팔도 ‘소식좌 비빔면’ 나왔다… 대체 왜?!
20240628,지금 혀 어디에 두고 계세요? 혀에도 ‘바른 자세’ 있어요
20240628,"집에서 해열제 먹였는데 아이 열 안 떨어진다, 병원 갈까? [이게뭐약]"
20240628,"도 넘은 발냄새, ‘이 음료’ 마시면 정말로 더 심해집니다"
20240628,다이어트 중인데… 돼지고기 먹을까? 고등어 먹을까?
20240628,한국인 88%가 유튜브 본다…'유튜브' 뮤직도 1위 등극
20240628,“마운트곡스 이슈로 7월부터 비트코인 14만개 상환…미 이더리움 현물 ETF거래 곧 시작될 수도” NH투자증권
20240628,"'원통형 4695 기술력 의혹 푼다'...금양, 부산 모터쇼서 첫 구동 시연 [소부장박대리]"
20240628,"기업가치 4조원으로 출발한 네이버웹툰, 100년 역사 디즈니 뒤따른다 (종합)"
20240628,[일문일답] 美 나스닥 입성한 네이버웹툰…“이해진 창업자도 자랑스러워해”
20240628,"[속보] 트럼프 ""바이든은 역대 최악의 대통령"""
20240628,"""벌지도 못하는데 최저임금 또 오르나""… 편의점주들 좌불안석"
20240628,"""무턱대고 높일 수도 없고""… 딜레마 놓인 전세보증"
20240628,"""우리 애, 타서 얼굴도 못봐""… 무릎 꿇은 아리셀 본부장"
20240628,"박정훈 ""한동훈 팬덤 대구서 더 대단… 홍준표 견제 과도"""
20240628,"野, '탄핵 청원' 37만명 돌파에 '尹 탄핵' 총공세"
20240628,"최태원 동거인 측 ""'첫 언론 인터뷰'는 왜곡, 사실과 달라"""
20240628,[속보] 부산 '소멸위험단계' 진입…6개 광역시 중 유일
20240628,책 수십권으로 군장 채워…'얼차려 훈련병 사망사건' 규정위반 다수 발견
20240628,"[속보] 이재명 공직선거법 재판, 9월6일 결심…10월께 선고 전망"
20240628,"조국, 컴퓨터·휴대전화 압수 제한 특례법 발의…""검찰 불법수사 근절"""
20240628,이재명 공직선거법 재판 이르면 10월 첫 선고…9월 6일 결심
20240628,"4,080명 단속한 고속도로 암행순찰 알고 보니 ‘위법 단속’"
20240628,"법원 ""'송영길 성매매 의혹' 제기 가세연, 1천만원 배상하라"""
20240628,"전국의대교수 비대위, 7월 26일 전면 휴진 추진…""29일 올특위 회의서 결정"""
20240628,"""좌파 해병 있는지 처음 알아…"" 김흥국 특검 반대 의사[이슈세개]"
20240628,'휴가중' 尹통화 7번·30분…선명한 '용산-軍-경찰' 연결고리
20240628,"'배신의 정치' 저격 당한 한동훈 ""배신 말아야 할 대상은 국민"""
20240628,"유혜원, 허웅과 열애설…앞서 승리와도 염문"
20240628,"이태원 유가족 ""尹, '이태원 참사 조작' 발언 사실이라면 사과해야"""
20240628,주 4회 고기 끊고 세끼 과일만 먹는 40대女... '이 병' 낫고 흰머리도 안 난다?
20240628,"""16살 소년, 엑스터시로 사망""...열 42℃로 장기 하나씩 죽어가, 무슨 일?"
20240628,"복지부, 의료공백에 1900억 또 투입…건보재정만 누적 1조 지원"
20240628,"사직 전공의 ""퇴직 효력 이미 발생""...첫 '퇴직금 소송'"
20240628,"""사망위험 더 높았다고?""...종합비타민, 장수 도움 안된다"
20240628,"피겨 이해인 성추행 '연인사이' 주장에... ""남자였어도 결과 같을까"""
20240628,"""최소 5억 20억까지 불러""... 손웅정 고소인 녹취 일파만파"
20240628,"[단독] '이재명 지지모임' 인사, 장학재단 횡령 의혹"
20240628,"동기 홍준표 저격한 추미애 ""두목한테는 말 못하고 부하만 잡아"""
20240628,"박지원 ""한동훈 두고보시라 김건희 특검도 찬성할 것"""
20240628,입만 열면 거짓말... 류희림의 국회 위증 발언들
20240628,부산엑스포 예산검증④ 세금으로 '김건희 키링' 1만 개와 갤럭시탭 100개 구매
20240628,부산엑스포 예산검증③박형준 부인과 특수관계인 화가의 접시 4천만 원 구매
20240628,"[주간 뉴스타파]엑스포 예산 사유화 의혹...키링, 접시 그리고 두 아내"
20240628,윤석열 정부의 금강파괴2 - 생물다양성 파괴하는 세종보 재가동
20240628,"'South Korea,' 'Samsung,' 'Kim Jong-un' pepper Biden-Trump debate"
20240628,Constitutional court strikes down family crime exemption clause
20240628,Jimin of BTS unveils song from 2nd solo album ahead of official release
20240628,[Robert Fouser] Trump on course to win
20240628,[Editorial] Predictability matters
20240628,"""갑옷 걸치고 뛰는 느낌!"" 남자 기자, 스포츠 브라 입고 뛰다"
20240628,[10초 장비 이야기] 스포츠 브라는 누가 언제 만들었을까?
20240628,지구 온난화로 '실업자'된 썰매견
20240628,[차윤정의 자귀나무 이야기] 밤이면 잎을 오무려…부부 금슬 상징
20240628,"백패킹 퀴즈, 다음 중 합법인 것을 고르시오"
20240628,‘10억 동맹’ 부활해서 금투세법 폐지할까
20240628,사이버 레커의 위태로운 ‘정의 구현’
20240628,"반이슬람 포스터 읽고 10분 뒤, 테러가 벌어졌다"
20240628,‘검찰발’ 기사는 어떻게 만들어지나 [김은지의 뉴스IN]
20240628,집이 없는 게 ‘죄’는 아니잖아
20240628,"한동훈 ""이태원 참사 음모론 제기? 尹 그런 말 했을 거라 믿지 않아"""
20240628,"박찬대 ""방통위 '방송장악 쿠데타' 시도..尹, 김홍일 파면해야"""
20240628,'새만금 태양광 비리' 신영대 의원 압수수색.. 전 보좌관은 구속기소
20240628,"조국혁신·시민단체 ""한동훈 의혹, 경찰 노골적 봐주기...특검만이 해법"""
20240628,"부산, 광역시 첫 '소멸위험지역'..전남 소멸위험 가장 커"
20240628,"윤 대통령, 계속되는 저출산에 ‘인구 국가비상사태’ 선언"
20240628,"대규모 적자와 회장 이혼 소송 마주한 SK, 전면적인 사업 재편 논의"
20240628,"Webtoon Entertainment soars on Nasdaq debut, eyes global franchise success"
20240628,South Koreans prefer own nuclear deterrent over U.S. troops: Survey
20240628,“윤 대통령 탄핵 요구” 청원 20만명 돌파…법사위 회부
20240628,"허웅 “전 여자친구, 임신·낙태로 3억 요구…마약도”"
20240628,"박명수 아내, ‘스타벅스 재테크’로 80억 벌더니 또?"
20240628,“자꾸 고장나서 불편”…테슬라 100대당 문제 ‘266건’
20240628,"현대차, ‘킹산직’ 대규모 채용…“2026년까지 1100명”"
20240628,[속보]이재명 공직선거법 재판 9월6일 결심…10월께 선고 나올 듯
20240628,"20년 버텨온 종부세, 수술대 올라…여·야·정 본격 논의 시작"
20240628,“벌써 100일 지났나”...급변하는 정용진號 신세계
20240628,“사진과 많이 다르네”...부활한 롯데리아 오징어 버거 [지식(食)백과]
20240628,"김진표 “尹, ‘이태원참사 조작가능성’ 언급” vs 대통령실 “멋대로 왜곡”"
20240628,A중사의 얼차려[꼬다리]
20240628,러시아를 버리지 못하는 베트남[가깝고도 먼 아세안](32)
20240628,"“한국 사법절차 공정했다면, 사적 제재 나왔겠나…부끄러운 줄 알아야”"
20240628,"“묻고 싶다, 피해자에게 미칠 영향 고민한 적 있나”"
20240628,‘과대 포장’된 대북 확성기 성능···북은 왜 알레르기 반응일까[박성진의 국방 B컷](9)
20240628,아이 낳으면 진짜 1억 주는 '이 회사'...2030 지원자 폭증
20240628,최저임금 1만원 임박?...관건은 업종별 차등 적용
20240628,"""한의학 공보의 늘려야"" 한의사협, 양방의 예방접종 독점해선 안돼"
20240628,훈련병 사망사고에 국방부 '얼차려 금지'···정신수양만 가능
20240628,"""멋있을 듯""vs""세금낭비"" 광화문 100m 태극기 조형물 ""어떻게 생각하세요?"""
20240628,세브란스병원 무기한 휴진 돌입…서울아산병원 등 집단휴진 불씨 여전
20240628,"""네안데르탈인, 다운증후군 6세 어린이 돌봤다"""
20240628,"사직 전공의들, 퇴직금 소송…의협, 전공의와 비공개 간담회 추진"
20240628,"""장기간 항생제 노출, 한국 성인 우울증 발병 위험 높인다"""
20240628,"""최후의 매머드 멸종, 근친번식 탓 아냐""...기존 학설 뒤집어"
20240628,아기 1명당 1억 원 준다면 출산율 올라갈까
20240628,‘페이스북 검투사’ 홍준표 좌충우돌 왜?
20240628,"삼성전자 제친 SK하이닉스 HBM, 新공장 건설로 쐐기?"
20240628,105층? 55층 2棟? 서울시 vs 현대차 GBC 설계 놓고 ‘끝장 승부’ 내막
20240628,"“인천공항은 공항 이상의 공항, 글로벌 메가허브 꿈꾼다”"
20240628,"[속보] 조국, 전자 정보 압수수색 제한 법 발의…""검찰 불법수사 근절"""
20240628,"[속보] ""'송영길 허위 성매매 의혹' 언급 가세연, 1000만원 배상해야"""
20240628,"국힘 권성동 의원 ""민주당은 어버이 수령체제 아닙니까?"""
20240628,"""국힘 지지층 한동훈 지지 55%"" 한국갤럽 조사"
20240628,"""5억 요구 심한 것 아니다""… 손웅정 감독 고소 학부모 녹취록 공개"
20240628,"[인터뷰] ‘편의점 숏컷 폭행’ 피해자, “심장질환까지 얻어... 싸움 포기 안 해”"
20240628,초저출생 직면한 한국... “해법은 성평등”
20240628,"허정윤, 뉴욕경찰 179년만에 첫 한국인 고위간부"
20240628,최저임금 결정 올해도 시한넘겨...'업종별 차등' 이견
20240628,"검찰, ‘서울대 딥페이크 성범죄’ 공범에 징역 10년 구형"
20240628,"한국기자협회 ""의사협회, 언론 겁박 중단하라"""
20240628,"김홍일, 방문진 이사공모 의결 직후 기자들과 일일이 악수"
20240628,"언론노조 MBC본부 ""김홍일, 양식도 없는 '떴다방 공직자'"""
20240628,"'대통령 명예훼손 혐의' 신학림 구속적부심 기각, 구속 유지"
20240628,"방심위, '바이든-날리면' 재심 MBC 기각…""차별·표적심의"""
20240628,"[뉴스+] 한동훈 ""홍준표의 한동훈 디스? 상식적인 분들은 어떻게 보실까요?"""
20240628,대구도시철도 1호선 '8자 역명' 결국 줄이기로···'부호역' '하양역'으로
20240628,원희룡은 부산으로 한동훈은 대구로···영남권 공략에 나선 국민의힘 당권 주자들
20240628,"[뉴스+] 나경원 ""홍준표, 동대구역까지 와서 '나경원이 정의다' 이야기해"""
20240628,"중앙고속도로 60대 사망 사고, '뺑소니 차량'은 어디에?···경찰, 관련 차량 특정 수사 중"
20240628,"소대장 앞 ""XX, 이게 뭐야!"" 욕한 훈련병 퇴소… ""당연"" vs ""과하다"""
20240628,"""최소 5억, 20억 안부른 게 어디냐""…손흥민 父 합의금 녹취록 공개"
20240628,"김진표 '尹, 이태원참사 조작가능성' 주장에… 대통령실 ""멋대로 왜곡"""
20240628,"[뉴스 즉설]국힘 전대 컨벤션 효과 0%, 이름값도 못하는 대선 잠룡들"
20240628,"'채상병 특검 반대' 김흥국…""좌파 해병 있어 계속 공격 당해"""
20240628,“우리 딸 불쌍해서 어떡해”… ‘아리셀 참사’ 화성의 통곡
20240628,"국세청, BBQ 특별 세무조사"
20240628,"[영상] “공매도보다 금투세가 더 문제, 시행되면 증시 요동칠 것”"
20240628,"외국인, 삼성전자 또 담았다"
20240628,전 세계 심해 유전 개발 바람 다시 분다
20240628,보수 심장 영남에서 줄줄이 퇴짜…흔들리는 1강 한동훈
20240628,"민주당 ""김홍일 방송장악 쿠데타...尹, 국민은 독재자 용서 안할 것"""
20240628,"[의대증원 파장] 전국 의대 교수, 내달 26일 휴진 추진…""올특위서 결정"""
20240628,"조국 ""이태원 참사가 조작? 尹, '틀튜브' 애청자 아닌가 의심"""
20240628,"""IMF 때부터 장사했는데""…공시생 없는 노량진 컵밥거리 '썰렁'"
20240628,"부산, 전국광역시 최초 '소멸위험단계'"
20240628,5월 생산·소비·투자 모두↓…10개월 만에 '트리플 감소'(종합)
20240628,부산 찾은 한동훈 “산업은행 부산 이전 반드시 추진할 것”
20240628,"""아파트 건립 사업 전면 중단하라"" 구덕운동장 재개발, '평행선'"
20240628,올해 1~5월 국세 9조1000억 원 급감…'세수 펑크' 또 현실화
20240628,목줄·입마개 없이 맹견이 놀이터에... 견주 “사진 찍으려 풀어놨다”
20240628,"[속보] 부산, 광역시 최초 '소멸위험'"
20240628,"청주시, 무심천 퇴적토 준설로 장마 대비...시민단체 “땜질식 처방”"
20240628,‘동탄 화장실’ 성범죄 누명 논란... 신고자 “허위 신고” 자백
20240628,"국방부, 훈련병 ‘얼차려’ 금지...“즉각 적용”"
20240628,"입마개도 없이 어린이 응시하는 맹견.. 견주 ""사진 찍으려고 잠깐"""
20240628,"김웅 ""尹, 극우 유튜브 그만 보시라 이러다 다 죽어.. 국힘이 불쌍"""
20240628,'백돼지를 흑돼지로' 휴가철 소비자 기만행위 싹 잡는다
20240628,"노란 불 깜박일 때 “가? 말아?”, 안 멈췄더니 대법원 ‘위법’ 판결에.. 운전자 5명 중 3명 “동의 안 해” 왜?"
20240628,"“어째, 손에서 휴대폰 놓을 새 없다 했다”, 구직보다 ‘게임’에 ‘검색’하느라.. 근로시간, 이렇게나 줄었다고?"
20240628,금투세 시행하면 정말 '부양가족 인적공제' 못 받아? [질문+]
20240628,백선생도 고치지 못한 프랜차이즈 '고질병' [인포로 본 세상]
20240628,30만 달러는커녕… 악재에 얼어붙은 '비트코인 투심'
20240628,브랜드는 약한데… '시총 강자' 엔비디아의 역설 [Global]
20240628,"""기발하거나 기막히거나"" 누가 테무를 비웃나 [視리즈]"
20240628,미국 유행처럼 번지는 ‘비만치료제’…안전할까? [건강의피셜㉛]
20240628,"총상 입고 낙오된 고니 부부 ‘늦둥이’ 새끼들, 야생으로 돌아간다"
